{"cameraMode":{"drawMode":0,"name":"Shaded","section":"Shading Mode"},"sceneLighting":false,"audioPlay":false,"sceneViewState":{"m_AlwaysRefresh":false,"showFog":true,"showSkybox":false,"showFlares":true,"showImageEffects":true,"showParticleSystems":true,"showVisualEffectGraphs":true,"m_FxEnabled":true},"in2DMode":false,"pivot":{"x":-0.19324681162834168,"y":0.7767555117607117,"z":-2.936885356903076},"rotation":{"x":-5.674673886346682e-8,"y":-0.043190594762563708,"z":-4.0208469442859499e-8,"w":0.9990674257278442},"size":0.8806957602500916,"orthographic":false}